{
  "gmJrVv0pdC0": 1769263507.584711,
  "NDa8XB1zckw": 1769263597.740904,
  "T8CIozyE4vI": 1769263687.619918,
  "Lve57gFwdc4": 1769263771.682872,
  "aVwKrwNDduY": 1769263851.479957,
  "7SSWm8Fv_VY": 1769263944.930585,
  "xMWoNwrQvvs": 1769264031.195715,
  "J3QJFNx-ciE": 1769264121.15377,
  "OjHaPgV8qSA": 1769264209.542886,
  "gdCIzQ9YHZA": 1769264283.274334,
  "WdJkXFQ4VHY": 1769264355.829748,
  "1PRvp1sihDw": 1769264417.394443,
  "ILPhgj8lowQ": 1769264495.629967,
  "4tAUKDXPbbw": 1769264582.483854,
  "BsTMxYI7lww": 1769264665.025619,
  "WPOuXgrtjRA": 1769264904.623604,
  "AyYteVRAS9Q": 1769264990.235056,
  "iJ1lw8iNIy8": 1769265076.52145
}