{
  "gmJrVv0pdC0": 1769263507.584711,
  "NDa8XB1zckw": 1769263597.740904,
  "T8CIozyE4vI": 1769263687.619918,
  "Lve57gFwdc4": 1769263771.682872,
  "aVwKrwNDduY": 1769263851.479957,
  "7SSWm8Fv_VY": 1769263944.930585,
  "xMWoNwrQvvs": 1769264031.195715,
  "J3QJFNx-ciE": 1769264121.15377,
  "OjHaPgV8qSA": 1769264209.542886,
  "gdCIzQ9YHZA": 1769264283.274334,
  "WdJkXFQ4VHY": 1769264355.829748,
  "1PRvp1sihDw": 1769264417.394443,
  "ILPhgj8lowQ": 1769264495.629967,
  "4tAUKDXPbbw": 1769264582.483854,
  "BsTMxYI7lww": 1769264665.025619,
  "WPOuXgrtjRA": 1769264904.623604,
  "AyYteVRAS9Q": 1769264990.235056,
  "iJ1lw8iNIy8": 1769265076.52145,
  "umUfeLXPB_I": 1769265244.069523,
  "3wXVwtdaESA": 1769265333.626988,
  "rALhtu3QPF0": 1769265403.807283,
  "xoCGTpW7nTw": 1769265490.995545,
  "ILGSn1YJVUo": 1769265595.847588,
  "VLCBVPIvKT8": 1769265700.403887,
  "lqFNdNNS3O4": 1769265792.17123,
  "qNLUMx5SOgM": 1769265876.422743,
  "jVAcZ8TDOUw": 1769265958.429648,
  "YZyI6zBTKA0": 1769266055.953525,
  "dNnlhR0zvAE": 1769266124.859577,
  "ZEilWthu728": 1769266210.279031,
  "7MYJbEfc5kU": 1769266294.747205,
  "DdNmYfyoizc": 1769269710.149334,
  "KBHIyDDtdak": 1769269816.98691,
  "dR_sfyYVy2o": 1769269879.639078
}